feature	metadata	value	coef	stderr	N	N.not.0	pval	qval
X94c5138a54d79f7a0ae39ee66f53ecb4	Env.feature..abbreviation.	SRF	-0.0167495436264662	0.00502834611419987	321	7	0.000966806156024526	0.196261649672979
d13e3ed8a4680082198d81067da50170	Env.feature..abbreviation.	SRF	-0.0676544675042811	0.0228261527690454	321	58	0.00326632956136684	0.331532450478735
X5bb1f8c90c2556e7d638a33006a7c717	Env.feature..abbreviation.	SRF	-0.05476142680871	0.0476988439872569	321	60	0.251801476805897	0.534842453878643
X1967cb71e718c3a1a40322d82c55eaec	Env.feature..abbreviation.	SRF	-0.0525450898254514	0.0247930339306531	321	36	0.034833174773715	0.534842453878643
X95be89ad8768fb818d6ca91781e88270	Env.feature..abbreviation.	SRF	0.0456461583946507	0.0198206386295617	321	39	0.0219241195707212	0.534842453878643
X901f1c556706a660c4b37d1b5f11b265	Env.feature..abbreviation.	SRF	-0.0738312466788996	0.0357927432466655	321	96	0.0399461290432014	0.534842453878643
e96c1b866887539f13cc94fa2d9f41e7	Env.feature..abbreviation.	SRF	0.0745726151478376	0.0408596218937831	321	183	0.0689220010257995	0.534842453878643
X08282972630627e934a91345ca83d411	Env.feature..abbreviation.	SRF	0.0483060753282403	0.0215040643263056	321	63	0.0253641803233602	0.534842453878643
X0bc0f191bc2dd86e43c5e3a54e48a61e	Env.feature..abbreviation.	SRF	0.0196779039137867	0.0234003093871844	321	69	0.401019871299029	0.534842453878643
bdebf9f2f1b823d6f8b4f709241a412f	Env.feature..abbreviation.	SRF	-0.0132679280293212	0.0139346622052786	321	32	0.34174035660835	0.534842453878643
df3e8a8193100e8a275159e85bc2d5ea	Env.feature..abbreviation.	SRF	0.0216148109238791	0.0132144100485708	321	19	0.10288863878841	0.534842453878643
fc5c45eb6bfe5e31b7cdfacfefe893b2	Env.feature..abbreviation.	SRF	-0.00400451709204189	0.00433095113160326	321	5	0.355858536216372	0.534842453878643
X2a83d4e4b9e6ef3b4149227718730093	Env.feature..abbreviation.	SRF	0.0144713838086197	0.00947592943781177	321	7	0.127708874760657	0.534842453878643
aef2ebc49dc032222c12882da98dc177	Env.feature..abbreviation.	SRF	0.0082784821876082	0.00674447890100007	321	9	0.220560102245697	0.534842453878643
X5984078620bdbc4a9883465e292aac15	Env.feature..abbreviation.	SRF	0.00886363820387033	0.00777597620180503	321	11	0.255193667447864	0.534842453878643
b659ab07521880ff21415cee8d765227	Env.feature..abbreviation.	SRF	0.01423899819767	0.0117255563240666	321	21	0.225510043443227	0.534842453878643
X18c22f445da1b09fee4963a5549ef0ee	Env.feature..abbreviation.	SRF	0.00449315731495635	0.00514320230108473	321	6	0.382987382010829	0.534842453878643
ff636004891933e3182e7544f54d3bc4	Env.feature..abbreviation.	SRF	0.0132990137344525	0.00964881797265128	321	9	0.169075056038428	0.534842453878643
X3118d589f873f7d064e1a25fb89e4762	Env.feature..abbreviation.	SRF	0.0133909442859709	0.00576554653382464	321	8	0.0208305937612474	0.534842453878643
X3cdf89c5e7cc67cc69169e6e36e926ed	Env.feature..abbreviation.	SRF	0.0060208392906578	0.00443338550252581	321	3	0.1754018287166	0.534842453878643
X9ead14e7abd32c2e56eda68266808e63	Env.feature..abbreviation.	SRF	0.00465043484358838	0.00477162390676988	321	5	0.330496112746112	0.534842453878643
be09587b589eb9a1afb14db025fa15c7	Env.feature..abbreviation.	SRF	-0.00239279194663804	0.00194708682883492	321	1	0.220011802181833	0.534842453878643
X38a8f250140e57367b0473ea1268b6fa	Env.feature..abbreviation.	SRF	-0.00721493342796295	0.00587100849626535	321	1	0.220011802181825	0.534842453878643
fd017f7edcd24bfe78be2bf9aa37a35c	Env.feature..abbreviation.	SRF	0.0108960225941577	0.00943588878452831	321	13	0.249060134250899	0.534842453878643
c2a022302427800beab7e2050dc35311	Env.feature..abbreviation.	SRF	0.0177542582386684	0.0131443055613154	321	6	0.177742931205354	0.534842453878643
X548550daa311cd42826afe363dc1b756	Env.feature..abbreviation.	SRF	0.00228243866841802	0.00280415438639637	321	1	0.416281318782392	0.534842453878643
X0272d20d708a92b0577b96197e04f58f	Env.feature..abbreviation.	SRF	0.0031738587478722	0.00275005557397992	321	2	0.249320143735181	0.534842453878643
X632f9366d1d697335aaf79e20e7a8292	Env.feature..abbreviation.	SRF	0.0015869293739361	0.00194966683065719	321	1	0.416281318782373	0.534842453878643
X2193d19571159ae9f962f16b7e1bfbef	Env.feature..abbreviation.	SRF	-0.00424735212742612	0.00391777526637449	321	3	0.279128741657356	0.534842453878643
X769ab7d7ef77529507c37685ef3417c1	Env.feature..abbreviation.	SRF	0.00317385874787221	0.00275005557397992	321	2	0.249320143735181	0.534842453878643
X6ffc41f59d945b26556648314286ff02	Env.feature..abbreviation.	SRF	-0.00767537441102506	0.00784327223886991	321	8	0.328522473137106	0.534842453878643
X4ec389a3e41486e7a2df714acf6d3a7c	Env.feature..abbreviation.	SRF	-0.00239279194663804	0.00194708682883492	321	1	0.220011802181832	0.534842453878643
bc652fd398a0438f04d0ec8709ea82b9	Env.feature..abbreviation.	SRF	0.00634771749574442	0.00386875018001281	321	4	0.101831376520354	0.534842453878643
X3ef2fd2dcdaca26a11f69fd095310382	Env.feature..abbreviation.	SRF	0.00284698054278561	0.00349773822512849	321	1	0.416281318782373	0.534842453878643
X5e91f622408daee7b48c93631158bd92	Env.feature..abbreviation.	SRF	-0.00239279194663804	0.00194708682883492	321	1	0.220011802181833	0.534842453878643
b9e157006c8b6294a559445f2a96b726	Env.feature..abbreviation.	SRF	0.0015869293739361	0.00194966683065719	321	1	0.416281318782373	0.534842453878643
X775b2bffe4bd0793462881521754a24e	Env.feature..abbreviation.	SRF	0.0015869293739361	0.00194966683065719	321	1	0.416281318782372	0.534842453878643
cecc33b499e40a59024c6b6bdc441448	Env.feature..abbreviation.	SRF	-0.00541156695146564	0.00563686803165047	321	4	0.337766794694083	0.534842453878643
X624819d4372ae0a7e1ce3f2dd3bce9b3	Env.feature..abbreviation.	SRF	-0.00239279194663803	0.00194708682883492	321	1	0.220011802181833	0.534842453878643
X3eb9abfaea8b4582a3cc79ddead459c4	Env.feature..abbreviation.	SRF	0.0015869293739361	0.00194966683065719	321	1	0.416281318782372	0.534842453878643
d958b9dbf64915aa698f14105d44b13d	Env.feature..abbreviation.	SRF	0.00317385874787221	0.00275005557397992	321	2	0.24932014373518	0.534842453878643
X481075c3491f433e46c7c1f125746035	Env.feature..abbreviation.	SRF	0.0015869293739361	0.00194966683065719	321	1	0.416281318782373	0.534842453878643
X7679d1bf1d2e5bb7e3fc7393d6498cfa	Env.feature..abbreviation.	SRF	0.0015869293739361	0.00194966683065719	321	1	0.416281318782372	0.534842453878643
c9a5c4738f4b24e121925b941150b11a	Env.feature..abbreviation.	SRF	0.0015869293739361	0.00194966683065719	321	1	0.416281318782373	0.534842453878643
fefe825cb7ffc0737165fdc7c3590d88	Env.feature..abbreviation.	SRF	-0.00239279194663804	0.00194708682883492	321	1	0.220011802181832	0.534842453878643
e9631f20eef544ba497a32e3571ce157	Env.feature..abbreviation.	SRF	0.0015869293739361	0.00194966683065719	321	1	0.416281318782373	0.534842453878643
X31e0a333d5596a5cab852fb67a5bbc40	Env.feature..abbreviation.	SRF	-0.00239279194663803	0.00194708682883492	321	1	0.220011802181833	0.534842453878643
X9f15c49e14a7293ad3acf1a1338df113	Env.feature..abbreviation.	SRF	-0.00934962572479121	0.00537665013515246	321	2	0.0830115442617706	0.534842453878643
X57626ed12a21b8f7def1896e3a12c019	Env.feature..abbreviation.	SRF	0.00386936804235426	0.00340698296432404	321	2	0.256927617979702	0.534842453878643
X245847bcef32037de8ff36393c8fe385	Env.feature..abbreviation.	SRF	0.0015869293739361	0.00194966683065719	321	1	0.416281318782372	0.534842453878643
b2af119627d427c1413426c443525fb0	Env.feature..abbreviation.	SRF	0.00386936804235422	0.00340698296432404	321	2	0.256927617979707	0.534842453878643
X72b306eab127e2ab2f873d1656c52d44	Env.feature..abbreviation.	SRF	0.00317385874787223	0.00275005557397992	321	2	0.249320143735178	0.534842453878643
X65a08af6fb275f029f3281bfef01c6eb	Env.feature..abbreviation.	SRF	0.00317385874787221	0.00275005557397992	321	2	0.249320143735181	0.534842453878643
dfa684741eb5e6b9fb129710c94bce9d	Env.feature..abbreviation.	SRF	0.00284698054278562	0.00349773822512849	321	1	0.416281318782372	0.534842453878643
f74db088ba2bc99ad7f420ac06c34e26	Env.feature..abbreviation.	SRF	0.00383357914185873	0.00470985175417277	321	1	0.416281318782374	0.534842453878643
X0cf1b1305f23c030d66a1b9166c48a98	Env.feature..abbreviation.	SRF	0.0015869293739361	0.00194966683065719	321	1	0.416281318782373	0.534842453878643
X4f23b52566f61c590314bc9f9f19e61b	Env.feature..abbreviation.	SRF	0.0015869293739361	0.00194966683065719	321	1	0.416281318782372	0.534842453878643
X4e25ad2740ab07a3785d14d6469f9a42	Env.feature..abbreviation.	SRF	0.00602083929065779	0.00443338550252581	321	3	0.1754018287166	0.534842453878643
dad0c6466977ce1c2a11184cd2773e8f	Env.feature..abbreviation.	SRF	0.0015869293739361	0.00194966683065719	321	1	0.416281318782372	0.534842453878643
X917f1bfcc44ca26856ca8f0cff37ed92	Env.feature..abbreviation.	SRF	-0.00239279194663804	0.00194708682883492	321	1	0.220011802181832	0.534842453878643
X75f18b79444011195edf7c4ffcb46034	Env.feature..abbreviation.	SRF	0.0015869293739361	0.00194966683065719	321	1	0.416281318782372	0.534842453878643
X8bfe69bb139c685311c20fa9de09c6b0	Env.feature..abbreviation.	SRF	0.00386936804235423	0.00340698296432404	321	2	0.256927617979706	0.534842453878643
cf1ee1a5569ea288189b2628a0bdac04	Env.feature..abbreviation.	SRF	0.00317385874787221	0.00275005557397992	321	2	0.24932014373518	0.534842453878643
dc3edd6a1ae9ada4d1e8b007763658ec	Env.feature..abbreviation.	SRF	0.0015869293739361	0.00194966683065719	321	1	0.416281318782373	0.534842453878643
b587faf0da7a8439e782d7e706a25115	Env.feature..abbreviation.	SRF	-0.00478558389327608	0.00274273424410902	321	2	0.0819788127459302	0.534842453878643
ccb910ba359682271d4db26cc7b95d60	Env.feature..abbreviation.	SRF	0.0015869293739361	0.00194966683065719	321	1	0.416281318782373	0.534842453878643
d148a5ad2751388c08b29379a2ef8dd3	Env.feature..abbreviation.	SRF	0.0046504348435884	0.00477162390676988	321	5	0.33049611274611	0.534842453878643
X1c30330f4d91421c4a2833ab2c725c46	Env.feature..abbreviation.	SRF	-0.00239279194663804	0.00194708682883492	321	1	0.220011802181832	0.534842453878643
X58ddb8378a8b2b3f5b1121864b060b9f	Env.feature..abbreviation.	SRF	-0.00344148955472417	0.00280044363781458	321	1	0.220011802181836	0.534842453878643
c724d7aa736af6e3e635bb16a0bff4b6	Env.feature..abbreviation.	SRF	-0.00478558389327608	0.00274273424410902	321	2	0.0819788127459302	0.534842453878643
X7a4ee0bd56566dde8c0040d16808c247	Env.feature..abbreviation.	SRF	-0.00239279194663804	0.00194708682883492	321	1	0.220011802181833	0.534842453878643
X0da482204d65bfa420bebac66d447e50	Env.feature..abbreviation.	SRF	0.0015869293739361	0.00194966683065719	321	1	0.416281318782373	0.534842453878643
X3c9a63b3cf194b0cd315acc54fa25287	Env.feature..abbreviation.	SRF	0.00386936804235423	0.00340698296432404	321	2	0.256927617979706	0.534842453878643
X6ffaeb1945b1408c8dfe564f759ba639	Env.feature..abbreviation.	SRF	-0.00239279194663804	0.00194708682883492	321	1	0.220011802181833	0.534842453878643
a884951a0222a7aef65d0976f02c5230	Env.feature..abbreviation.	SRF	0.00611601781027686	0.0054688582789006	321	2	0.264265230607409	0.534842453878643
f266fe04289d683d8f65d5e3b68cd622	Env.feature..abbreviation.	SRF	0.0015869293739361	0.00194966683065719	321	1	0.416281318782373	0.534842453878643
X55bac3c9e7327e2cd7ae3f873c80ac21	Env.feature..abbreviation.	SRF	0.0015869293739361	0.00194966683065719	321	1	0.416281318782373	0.534842453878643
X92bb310f1e3e3a924c9ebc439260ca10	Env.feature..abbreviation.	SRF	0.0015869293739361	0.00194966683065719	321	1	0.416281318782372	0.534842453878643
X6a4be0b97590662b351550da777d6f1e	Env.feature..abbreviation.	SRF	-0.00239279194663804	0.00194708682883492	321	1	0.220011802181832	0.534842453878643
X8f3b47e0f10e71b9185d4ed7ebcb09f4	Env.feature..abbreviation.	SRF	-0.00239279194663803	0.00194708682883492	321	1	0.220011802181833	0.534842453878643
cf48476f65d127b20bc0c8d3cb46c0bc	Env.feature..abbreviation.	SRF	0.00317385874787222	0.00275005557397992	321	2	0.249320143735179	0.534842453878643
X9a117d476abc87f3b1a41e2f95e31e7b	Env.feature..abbreviation.	SRF	-0.00239279194663804	0.00194708682883492	321	1	0.220011802181832	0.534842453878643
X007234f0c3f22dd76c35f6fc3c5f4f9c	Env.feature..abbreviation.	SRF	0.00494073687660787	0.00454921279673398	321	2	0.278270626162531	0.534842453878643
f32425f1e57743907f962dc6fc077a70	Env.feature..abbreviation.	SRF	-0.00239279194663804	0.00194708682883492	321	1	0.220011802181833	0.534842453878643
a8f663643bdf3210b028a4d2c6d80202	Env.feature..abbreviation.	SRF	0.0015869293739361	0.00194966683065719	321	1	0.416281318782372	0.534842453878643
c260c4b19bf46e52cd8d3a52eec70c9d	Env.feature..abbreviation.	SRF	0.0031738587478722	0.00275005557397992	321	2	0.249320143735181	0.534842453878643
X3da6f991dacb74d4099b9bfd084bdf11	Env.feature..abbreviation.	SRF	-0.00239279194663804	0.00194708682883492	321	1	0.220011802181833	0.534842453878643
X70cabe866dc740d945ac422c3e182828	Env.feature..abbreviation.	SRF	-0.00478558389327607	0.00274273424410902	321	2	0.0819788127459306	0.534842453878643
c83b429e1c8d9f02e47931dc1708986d	Env.feature..abbreviation.	SRF	-0.00239279194663804	0.00194708682883492	321	1	0.220011802181832	0.534842453878643
X64ebfca95cebb8c7cc15f573790197d1	Env.feature..abbreviation.	SRF	0.0015869293739361	0.00194966683065719	321	1	0.416281318782373	0.534842453878643
X99bd5ad8aa966493584193619ee6e54b	Env.feature..abbreviation.	SRF	0.0015869293739361	0.00194966683065719	321	1	0.416281318782372	0.534842453878643
ac9bf5f0a1f6f34e62e7299a018fe618	Env.feature..abbreviation.	SRF	-0.0071783758399141	0.00334579318613054	321	3	0.0326679755966601	0.534842453878643
X72cabaaab452d74c6701f0631d570788	Env.feature..abbreviation.	SRF	-0.00239279194663804	0.00194708682883492	321	1	0.220011802181833	0.534842453878643
X90bf1ee2c1f5a2066399403a7f558232	Env.feature..abbreviation.	SRF	-0.00239279194663804	0.00194708682883492	321	1	0.220011802181832	0.534842453878643
X69a814b01253eb8dd675eba564f0bd74	Env.feature..abbreviation.	SRF	-0.00344148955472418	0.00280044363781458	321	1	0.220011802181835	0.534842453878643
X3aad1f62d19b17871de47326ca59c95d	Env.feature..abbreviation.	SRF	0.0015869293739361	0.00194966683065719	321	1	0.416281318782373	0.534842453878643
d602209d31c187a24f4f08c87cdd2558	Env.feature..abbreviation.	SRF	-0.00239279194663803	0.00194708682883492	321	1	0.220011802181833	0.534842453878643
de1635503fa2cff0177d6f07310ef130	Env.feature..abbreviation.	SRF	0.0015869293739361	0.00194966683065719	321	1	0.416281318782373	0.534842453878643
X2f64af90736d87cb8ac4f49dbaa82cf0	Env.feature..abbreviation.	SRF	0.0015869293739361	0.00194966683065719	321	1	0.416281318782372	0.534842453878643
X3347fc196292d13854555f057051909d	Env.feature..abbreviation.	SRF	-0.00239279194663804	0.00194708682883492	321	1	0.220011802181832	0.534842453878643
a49b1aec5623056eec5742c96a60bcc6	Env.feature..abbreviation.	SRF	0.0015869293739361	0.00194966683065719	321	1	0.416281318782373	0.534842453878643
X3e6e06c20f34a8aad0303afe861bc84a	Env.feature..abbreviation.	SRF	0.0015869293739361	0.00194966683065719	321	1	0.416281318782373	0.534842453878643
afa8ebb854c6f59e664ce31adb09f32b	Env.feature..abbreviation.	SRF	0.0015869293739361	0.00194966683065719	321	1	0.416281318782372	0.534842453878643
ca078f408cef7482264e3e2dcd7d1fd1	Env.feature..abbreviation.	SRF	-0.00239279194663804	0.00194708682883492	321	1	0.220011802181833	0.534842453878643
da7ba4fae18ca10cc9abc70fb4a24a10	Env.feature..abbreviation.	SRF	0.0015869293739361	0.00194966683065719	321	1	0.416281318782373	0.534842453878643
b764526e3acbaa63f28beaa820d3c04f	Env.feature..abbreviation.	SRF	-0.00239279194663804	0.00194708682883492	321	1	0.220011802181833	0.534842453878643
c40b9f62fcd8537460ab537fa3a93209	Env.feature..abbreviation.	SRF	0.00386936804235423	0.00340698296432404	321	2	0.256927617979706	0.534842453878643
X4bb2ed31d75e7b0d59111d0ed741726a	Env.feature..abbreviation.	SRF	-0.00239279194663804	0.00194708682883492	321	1	0.220011802181832	0.534842453878643
X8792185cae2db141121354249bd4ebc0	Env.feature..abbreviation.	SRF	-0.00239279194663804	0.00194708682883492	321	1	0.220011802181833	0.534842453878643
e5d587d9a4037adb69c6d826a05143fd	Env.feature..abbreviation.	SRF	0.0015869293739361	0.00194966683065719	321	1	0.416281318782373	0.534842453878643
X70b4837e2a8016a2076b5b480d85e910	Env.feature..abbreviation.	SRF	-0.00505691287512221	0.00411496221706641	321	1	0.220011802181838	0.534842453878643
X1278bc9191aafd6eeca0d39e5662989c	Env.feature..abbreviation.	SRF	0.0015869293739361	0.00194966683065719	321	1	0.416281318782373	0.534842453878643
X3fbafc23974c3cffcea01095e2cd8904	Env.feature..abbreviation.	SRF	-0.00239279194663804	0.00194708682883492	321	1	0.220011802181832	0.534842453878643
X66a8387151ff9d09e771cd1c0dd1edb2	Env.feature..abbreviation.	SRF	0.0015869293739361	0.00194966683065719	321	1	0.416281318782372	0.534842453878643
b7a1805aeaf07f869dbacba4f6defb69	Env.feature..abbreviation.	SRF	-0.00239279194663804	0.00194708682883492	321	1	0.220011802181832	0.534842453878643
X2d4756249a39e1fdba596646fc1ff109	Env.feature..abbreviation.	SRF	-0.00319865451933996	0.0033650842313935	321	3	0.342556431985089	0.534842453878643
ac10606776af9d5243dab4d5a9ab48af	Env.feature..abbreviation.	SRF	-0.00239279194663804	0.00194708682883492	321	1	0.220011802181832	0.534842453878643
X0ecdffd70f10f8aec84c7212eac2925d	Env.feature..abbreviation.	SRF	0.0015869293739361	0.00194966683065719	321	1	0.416281318782372	0.534842453878643
X5125d37c59ce40e4461d49f47ca01477	Env.feature..abbreviation.	SRF	-0.00239279194663803	0.00194708682883492	321	1	0.220011802181833	0.534842453878643
X96088835708ba86a1bc1d8f27105d2c4	Env.feature..abbreviation.	SRF	0.00284698054278561	0.00349773822512849	321	1	0.416281318782374	0.534842453878643
X964a281d751f985c1cfea5cfcb1e230f	Env.feature..abbreviation.	SRF	0.0015869293739361	0.00194966683065719	321	1	0.416281318782372	0.534842453878643
aa220802282b81ff9c49c2e089ef3461	Env.feature..abbreviation.	SRF	-0.00344148955472415	0.00280044363781458	321	1	0.220011802181839	0.534842453878643
X5feb06aec196b0178af641287c5f814d	Env.feature..abbreviation.	SRF	0.0015869293739361	0.00194966683065719	321	1	0.416281318782372	0.534842453878643
X6db016e38d8e0af7195d0c8f9250320a	Env.feature..abbreviation.	SRF	-0.00239279194663804	0.00194708682883492	321	1	0.220011802181833	0.534842453878643
X9c46a4fe83f4354752d824af11aacb03	Env.feature..abbreviation.	SRF	-0.00239279194663803	0.00194708682883492	321	1	0.220011802181833	0.534842453878643
ab68a0b06b6faefaeb9bb8a6f2300708	Env.feature..abbreviation.	SRF	0.0015869293739361	0.00194966683065719	321	1	0.416281318782373	0.534842453878643
a2849354ce174a994e982400cd02f5ba	Env.feature..abbreviation.	SRF	0.0015869293739361	0.00194966683065719	321	1	0.416281318782373	0.534842453878643
X3591e1dfb595ee3851b97e401bebda41	Env.feature..abbreviation.	SRF	-0.00239279194663804	0.00194708682883492	321	1	0.220011802181832	0.534842453878643
e18b910ab780a0f4710ff7a42b379303	Env.feature..abbreviation.	SRF	-0.00239279194663804	0.00194708682883492	321	1	0.220011802181833	0.534842453878643
X3242644ae1020d44c44a0fae3005697a	Env.feature..abbreviation.	SRF	0.0015869293739361	0.00194966683065719	321	1	0.416281318782372	0.534842453878643
X13094151e82e48b77d2581237214b382	Env.feature..abbreviation.	SRF	0.0015869293739361	0.00194966683065719	321	1	0.416281318782372	0.534842453878643
X3f39863194d27f114033851c9425a2a5	Env.feature..abbreviation.	SRF	0.00228243866841812	0.00280415438639637	321	1	0.416281318782371	0.534842453878643
X7bf213582f3b02e191adceb1866efb11	Env.feature..abbreviation.	SRF	0.00317385874787221	0.00275005557397992	321	2	0.24932014373518	0.534842453878643
e0fc425db1abf8069fb615078286788d	Env.feature..abbreviation.	SRF	-0.00239279194663804	0.00194708682883492	321	1	0.220011802181833	0.534842453878643
e1b7e0b7364419e9e65b22eb054b72cf	Env.feature..abbreviation.	SRF	0.0015869293739361	0.00194966683065719	321	1	0.416281318782372	0.534842453878643
X573c6c5762b52c4bb9f9179e3560a89f	Env.feature..abbreviation.	SRF	-0.00239279194663804	0.00194708682883492	321	1	0.220011802181833	0.534842453878643
X773f5d415ef9fde7ff574de831ce84e3	Env.feature..abbreviation.	SRF	0.0015869293739361	0.00194966683065719	321	1	0.416281318782373	0.534842453878643
X4d9199deb4b68ddf9ed92b20a15af20f	Env.feature..abbreviation.	SRF	0.0015869293739361	0.00194966683065719	321	1	0.416281318782373	0.534842453878643
a1fd763973e88bbdcb07390f6086273a	Env.feature..abbreviation.	SRF	0.0015869293739361	0.00194966683065719	321	1	0.416281318782373	0.534842453878643
b2aa0c596a705077756a5a4eb8d862a2	Env.feature..abbreviation.	SRF	0.0015869293739361	0.00194966683065719	321	1	0.416281318782372	0.534842453878643
X366bf97a54a95795610cd78f3e312c52	Env.feature..abbreviation.	SRF	-0.00239279194663803	0.00194708682883492	321	1	0.220011802181833	0.534842453878643
X63629ec61f3dddb70bb145edc8d47806	Env.feature..abbreviation.	SRF	0.0015869293739361	0.00194966683065719	321	1	0.416281318782373	0.534842453878643
X9f013ae4fef6889bb632659495db0040	Env.feature..abbreviation.	SRF	0.0015869293739361	0.00194966683065719	321	1	0.416281318782372	0.534842453878643
fdd1c37a7c16d8b00142dcd53ea31a58	Env.feature..abbreviation.	SRF	0.00443390991672173	0.0039955397349221	321	2	0.267957742790672	0.534842453878643
X3565bda6d9fa6f0653bdbc4aa9fe5064	Env.feature..abbreviation.	SRF	-0.00239279194663804	0.00194708682883492	321	1	0.220011802181833	0.534842453878643
X9317222d45ee21827797e791a27009f1	Env.feature..abbreviation.	SRF	0.0015869293739361	0.00194966683065719	321	1	0.416281318782372	0.534842453878643
X9600e46579985e4dd50c289af4c06b44	Env.feature..abbreviation.	SRF	0.0015869293739361	0.00194966683065719	321	1	0.416281318782372	0.534842453878643
f65ef7c150b22403b07591d808a60bd1	Env.feature..abbreviation.	SRF	-0.00239279194663803	0.00194708682883492	321	1	0.220011802181833	0.534842453878643
X0480ad619bb342632a339ba559956cab	Env.feature..abbreviation.	SRF	0.00228243866841812	0.00280415438639637	321	1	0.416281318782371	0.534842453878643
X7d88d9e1a9756edc089c7211575d6424	Env.feature..abbreviation.	SRF	-0.00239279194663804	0.00194708682883492	321	1	0.220011802181832	0.534842453878643
ad10618353e031bf969c5557d5980c46	Env.feature..abbreviation.	SRF	-0.00239279194663804	0.00194708682883492	321	1	0.220011802181832	0.534842453878643
X3b2b9da75f068793771f49172277cf74	Env.feature..abbreviation.	SRF	-0.00239279194663803	0.00194708682883492	321	1	0.220011802181833	0.534842453878643
X43b0a4da7dda3ca10fe4c454dc438b5f	Env.feature..abbreviation.	SRF	0.00228243866841812	0.00280415438639637	321	1	0.416281318782371	0.534842453878643
a8ebbed1f982f06e3f3baf87849fafac	Env.feature..abbreviation.	SRF	0.0015869293739361	0.00194966683065719	321	1	0.416281318782372	0.534842453878643
d44205909d155ff48a2ed4d637823e4c	Env.feature..abbreviation.	SRF	0.0015869293739361	0.00194966683065719	321	1	0.416281318782372	0.534842453878643
b9c07e5ef9b6c52210691be731eafe12	Env.feature..abbreviation.	SRF	0.0015869293739361	0.00194966683065719	321	1	0.416281318782372	0.534842453878643
f8206f8e0f5e0fc8ef82d52e6c0397a2	Env.feature..abbreviation.	SRF	0.0015869293739361	0.00194966683065719	321	1	0.416281318782372	0.534842453878643
X987dce5da2852ecd395fbd289c165850	Env.feature..abbreviation.	SRF	0.0015869293739361	0.00194966683065719	321	1	0.416281318782373	0.534842453878643
X0c3726a0915757bd1807e5ec9c584d05	Env.feature..abbreviation.	SRF	0.00362804734401979	0.00484211256922311	321	4	0.454246934778382	0.579950489056677
X02b25cef81c35e97ab8a2ea07aa009f5	Env.feature..abbreviation.	SRF	0.00306350546965228	0.00437073624158598	321	4	0.483868309946831	0.613907918245042
b5bb3d33fe88e09c66728f4a2a52be15	Env.feature..abbreviation.	SRF	0.00505351755975066	0.00770736403083853	321	13	0.51250654590563	0.646203905707098
aef33796cd68d570e0fe5c9bdce5adf4	Env.feature..abbreviation.	SRF	-0.0132433232829291	0.0217139275506127	321	46	0.542362283172082	0.672424509862907
d11e6b0985fb6930a85ddc68409588d1	Env.feature..abbreviation.	SRF	-0.00266042275348999	0.00437156355863995	321	4	0.543239505505009	0.672424509862907
be8be898a44a457fb813e2581ee96846	Env.feature..abbreviation.	SRF	0.0023679961751703	0.00388277759435972	321	4	0.542380972712839	0.672424509862907
da1efefc038f96cbe4af2e885103020f	Env.feature..abbreviation.	SRF	-0.00758864230433827	0.0128387486719245	321	34	0.554889837347615	0.678570102298589
X195a1ae0e4c9a71dcdfd6ecdb4bf9026	Env.feature..abbreviation.	SRF	-0.00518325879061579	0.00870759922324686	321	8	0.55209377193449	0.678570102298589
X96a2bd7f8ed8a07838609e6da51dc319	Env.feature..abbreviation.	SRF	-0.0136096228189636	0.0245976248600301	321	79	0.580452318285094	0.705579764142959
X1a8fdedac7f571b3cb2bca61c81b9d8b	Env.feature..abbreviation.	SRF	-0.00260645980196172	0.00544856303373582	321	3	0.632710555886116	0.764525255029057
a746d101e707628e4867c322b65e3f96	Env.feature..abbreviation.	SRF	-0.00481881737103152	0.0110473123011794	321	10	0.662988012342259	0.796370216008749
X57048b91d623b6a879860b8bdbda1c2f	Env.feature..abbreviation.	SRF	-0.00161172514540382	0.00388399237818334	321	4	0.678445666290116	0.810143942687609
fd5605b5a561f1f598b3db753d1a039d	Env.feature..abbreviation.	SRF	0.00147657609571619	0.00392411519176191	321	3	0.706956981977293	0.839253025388248
f214cd63f64bf7e2f0675272b5859eed	Env.feature..abbreviation.	SRF	-0.00544350485732443	0.0157093369960881	321	40	0.729184933061373	0.842822541998911
X215186dc3de5509f59eb78463dd79783	Env.feature..abbreviation.	SRF	-0.0019495124459664	0.0067296425298572	321	10	0.77224134390048	0.842822541998911
X7749c90b1272b0ffc75d2f30290e423d	Env.feature..abbreviation.	SRF	0.00194465136785557	0.00620391528539941	321	7	0.754139479935785	0.842822541998911
e75da0d4890fd35076c195ca15cc9b32	Env.feature..abbreviation.	SRF	0.00304026564910482	0.00937639219104566	321	5	0.745963657045791	0.842822541998911
f7b547a6ca6b112bd42f51d78ebcba2e	Env.feature..abbreviation.	SRF	0.00573158679500527	0.0175801032827062	321	21	0.744617763144511	0.842822541998911
b8daf2356046515c41c02681d9f8d02c	Env.feature..abbreviation.	SRF	-0.000805862572701912	0.00275542154117792	321	2	0.770121742510755	0.842822541998911
X841ac26abf068f836864f89f9fb130b3	Env.feature..abbreviation.	SRF	-0.000805862572701923	0.00275542154117792	321	2	0.770121742510752	0.842822541998911
a7f81116140378f5c9f91bdc03906a55	Env.feature..abbreviation.	SRF	-0.00080586257270191	0.00275542154117792	321	2	0.770121742510755	0.842822541998911
e6daa1442c9484d67bef5aa11f18569f	Env.feature..abbreviation.	SRF	-0.000805862572701924	0.00275542154117792	321	2	0.770121742510751	0.842822541998911
X6e2fec47a465ab230e8a4325465a034e	Env.feature..abbreviation.	SRF	-0.000805862572702091	0.00275542154117792	321	2	0.770121742510705	0.842822541998911
d71dda64c8f1e2c9255816f46e705ad9	Env.feature..abbreviation.	SRF	-0.000805862572701915	0.00275542154117792	321	2	0.770121742510754	0.842822541998911
X8b761d5dfce3a18d0d65ee6bca8c979b	Env.feature..abbreviation.	SRF	-0.000805862572701906	0.00275542154117792	321	2	0.770121742510756	0.842822541998911
X283d20332b3a92179965a393d8a85d1c	Env.feature..abbreviation.	SRF	-0.000805862572701915	0.00275542154117792	321	2	0.770121742510754	0.842822541998911
X9cbd86e1cdc4853dbde48565a54651a1	Env.feature..abbreviation.	SRF	-0.000805862572701926	0.00275542154117792	321	2	0.770121742510751	0.842822541998911
d1e54fc1d1a0d0a7e75f5098aa33d9af	Env.feature..abbreviation.	SRF	-0.000805862572701923	0.00275542154117792	321	2	0.770121742510752	0.842822541998911
c5bb70dfce1c23e80320a740c324e6b5	Env.feature..abbreviation.	SRF	0.000781066801234169	0.00336956269848187	321	3	0.816841481260182	0.868161364899565
X214b2a057e245bb1fa959013de86ec2c	Env.feature..abbreviation.	SRF	0.00145178032424845	0.00581352244392211	321	8	0.802960964211078	0.868161364899565
bc077eeb8c69e25bbeeaa3986dd80306	Env.feature..abbreviation.	SRF	0.000781066801234173	0.00336956269848187	321	3	0.816841481260181	0.868161364899565
X2e4f44682114b15aec805b2b57ea0c42	Env.feature..abbreviation.	SRF	0.000781066801234171	0.00336956269848187	321	3	0.816841481260181	0.868161364899565
d73aa5e38a36e57b09d3d817a7386866	Env.feature..abbreviation.	SRF	0.000781066801234188	0.00336956269848187	321	3	0.816841481260177	0.868161364899565
X05580022c17ba821b4b6eeb210495442	Env.feature..abbreviation.	SRF	-0.000916215850921851	0.00437379972712543	321	4	0.834208636963731	0.882001840123111
afaa3705b5a4d86604b2721e5856cbdc	Env.feature..abbreviation.	SRF	-0.00156182048109195	0.00881768611620526	321	6	0.859523696766213	0.90405860333441
X2e43584108e1d60a543c1c5347ed8d0c	Env.feature..abbreviation.	SRF	0.00107590251456896	0.00720364727987332	321	6	0.881367702400001	0.922255894779383
e23c828e3d3d800733eab8653f7da053	Env.feature..abbreviation.	SRF	0.000670713523014251	0.00477857502905406	321	5	0.888465344801525	0.924915205101075
X16eafb715f45ca05aa06938ed7b498b5	Env.feature..abbreviation.	SRF	0.00200608331733503	0.025902980632882	321	82	0.938317267299956	0.971828598274954
X016f7d8361d13db20fdafb9c22b46c03	Env.feature..abbreviation.	SRF	-0.000700938818093625	0.0108062333384282	321	19	0.948322669747163	0.972270211912495
X5991db3216664051e7eb171c0b579259	Env.feature..abbreviation.	SRF	-0.000267630806851988	0.00392495735372426	321	3	0.945679547454728	0.972270211912495
X27a02b35689806649a7b17d9e06931b6	Env.feature..abbreviation.	SRF	-0.000110353278219916	0.00341385836580378	321	2	0.974233016408777	0.988846511654909
a37e5dc40054a123a62009855d2bf030	Env.feature..abbreviation.	SRF	-0.000110353278219916	0.00341385836580378	321	2	0.974233016408777	0.988846511654909
X07ffed3268d19f99f07cd21efe98b3a3	Env.feature..abbreviation.	SRF	2.50986310903611e-05	0.0079633602569507	321	13	0.997487230474171	0.997487230474171
X884f74c2897f752d3ef15fc1fd279c6b	Env.feature..abbreviation.	SRF	-2.47957714677481e-05	0.00433675061100448	321	5	0.995441620184439	0.997487230474171
X28ca65acfa86365ffbee6f2fa6af5198	Env.feature..abbreviation.	SRF	-2.47957714677427e-05	0.00433675061100448	321	5	0.99544162018444	0.997487230474171
